{"31000":[1.442662, 43.611154],"75000":[2.345496, 48.863581]}